name,tensor_category,eval_forward_changed,train_forward_changed
0.bn.running_mean,bn_running_mean,false,true
0.bn.running_var,bn_running_var,false,true
0.bn.num_batches_tracked,bn_num_batches_tracked,false,true
1.bn.running_mean,bn_running_mean,false,true
1.bn.running_var,bn_running_var,false,true
1.bn.num_batches_tracked,bn_num_batches_tracked,false,true
2.cv1.bn.running_mean,bn_running_mean,false,true
2.cv1.bn.running_var,bn_running_var,false,true
2.cv1.bn.num_batches_tracked,bn_num_batches_tracked,false,true
2.cv2.bn.running_mean,bn_running_mean,false,true
2.cv2.bn.running_var,bn_running_var,false,true
2.cv2.bn.num_batches_tracked,bn_num_batches_tracked,false,true
2.m.0.cv1.bn.running_mean,bn_running_mean,false,true
2.m.0.cv1.bn.running_var,bn_running_var,false,true
2.m.0.cv1.bn.num_batches_tracked,bn_num_batches_tracked,false,true
2.m.0.cv2.bn.running_mean,bn_running_mean,false,true
2.m.0.cv2.bn.running_var,bn_running_var,false,true
2.m.0.cv2.bn.num_batches_tracked,bn_num_batches_tracked,false,true
3.bn.running_mean,bn_running_mean,false,true
3.bn.running_var,bn_running_var,false,true
3.bn.num_batches_tracked,bn_num_batches_tracked,false,true
4.cv1.bn.running_mean,bn_running_mean,false,true
4.cv1.bn.running_var,bn_running_var,false,true
4.cv1.bn.num_batches_tracked,bn_num_batches_tracked,false,true
4.cv2.bn.running_mean,bn_running_mean,false,true
4.cv2.bn.running_var,bn_running_var,false,true
4.cv2.bn.num_batches_tracked,bn_num_batches_tracked,false,true
4.m.0.cv1.bn.running_mean,bn_running_mean,false,true
4.m.0.cv1.bn.running_var,bn_running_var,false,true
4.m.0.cv1.bn.num_batches_tracked,bn_num_batches_tracked,false,true
4.m.0.cv2.bn.running_mean,bn_running_mean,false,true
4.m.0.cv2.bn.running_var,bn_running_var,false,true
4.m.0.cv2.bn.num_batches_tracked,bn_num_batches_tracked,false,true
5.bn.running_mean,bn_running_mean,false,true
5.bn.running_var,bn_running_var,false,true
5.bn.num_batches_tracked,bn_num_batches_tracked,false,true
6.cv1.bn.running_mean,bn_running_mean,false,true
6.cv1.bn.running_var,bn_running_var,false,true
6.cv1.bn.num_batches_tracked,bn_num_batches_tracked,false,true
6.cv2.bn.running_mean,bn_running_mean,false,true
6.cv2.bn.running_var,bn_running_var,false,true
6.cv2.bn.num_batches_tracked,bn_num_batches_tracked,false,true
6.m.0.cv1.bn.running_mean,bn_running_mean,false,true
6.m.0.cv1.bn.running_var,bn_running_var,false,true
6.m.0.cv1.bn.num_batches_tracked,bn_num_batches_tracked,false,true
6.m.0.cv2.bn.running_mean,bn_running_mean,false,true
6.m.0.cv2.bn.running_var,bn_running_var,false,true
6.m.0.cv2.bn.num_batches_tracked,bn_num_batches_tracked,false,true
6.m.0.cv3.bn.running_mean,bn_running_mean,false,true
6.m.0.cv3.bn.running_var,bn_running_var,false,true
6.m.0.cv3.bn.num_batches_tracked,bn_num_batches_tracked,false,true
6.m.0.m.0.cv1.bn.running_mean,bn_running_mean,false,true
6.m.0.m.0.cv1.bn.running_var,bn_running_var,false,true
6.m.0.m.0.cv1.bn.num_batches_tracked,bn_num_batches_tracked,false,true
6.m.0.m.0.cv2.bn.running_mean,bn_running_mean,false,true
6.m.0.m.0.cv2.bn.running_var,bn_running_var,false,true
6.m.0.m.0.cv2.bn.num_batches_tracked,bn_num_batches_tracked,false,true
6.m.0.m.1.cv1.bn.running_mean,bn_running_mean,false,true
6.m.0.m.1.cv1.bn.running_var,bn_running_var,false,true
6.m.0.m.1.cv1.bn.num_batches_tracked,bn_num_batches_tracked,false,true
6.m.0.m.1.cv2.bn.running_mean,bn_running_mean,false,true
6.m.0.m.1.cv2.bn.running_var,bn_running_var,false,true
6.m.0.m.1.cv2.bn.num_batches_tracked,bn_num_batches_tracked,false,true
7.bn.running_mean,bn_running_mean,false,true
7.bn.running_var,bn_running_var,false,true
7.bn.num_batches_tracked,bn_num_batches_tracked,false,true
8.cv1.bn.running_mean,bn_running_mean,false,true
8.cv1.bn.running_var,bn_running_var,false,true
8.cv1.bn.num_batches_tracked,bn_num_batches_tracked,false,true
8.cv2.bn.running_mean,bn_running_mean,false,true
8.cv2.bn.running_var,bn_running_var,false,true
8.cv2.bn.num_batches_tracked,bn_num_batches_tracked,false,true
8.m.0.cv1.bn.running_mean,bn_running_mean,false,true
8.m.0.cv1.bn.running_var,bn_running_var,false,true
8.m.0.cv1.bn.num_batches_tracked,bn_num_batches_tracked,false,true
8.m.0.cv2.bn.running_mean,bn_running_mean,false,true
8.m.0.cv2.bn.running_var,bn_running_var,false,true
8.m.0.cv2.bn.num_batches_tracked,bn_num_batches_tracked,false,true
8.m.0.cv3.bn.running_mean,bn_running_mean,false,true
8.m.0.cv3.bn.running_var,bn_running_var,false,true
8.m.0.cv3.bn.num_batches_tracked,bn_num_batches_tracked,false,true
8.m.0.m.0.cv1.bn.running_mean,bn_running_mean,false,true
8.m.0.m.0.cv1.bn.running_var,bn_running_var,false,true
8.m.0.m.0.cv1.bn.num_batches_tracked,bn_num_batches_tracked,false,true
8.m.0.m.0.cv2.bn.running_mean,bn_running_mean,false,true
8.m.0.m.0.cv2.bn.running_var,bn_running_var,false,true
8.m.0.m.0.cv2.bn.num_batches_tracked,bn_num_batches_tracked,false,true
8.m.0.m.1.cv1.bn.running_mean,bn_running_mean,false,true
8.m.0.m.1.cv1.bn.running_var,bn_running_var,false,true
8.m.0.m.1.cv1.bn.num_batches_tracked,bn_num_batches_tracked,false,true
8.m.0.m.1.cv2.bn.running_mean,bn_running_mean,false,true
8.m.0.m.1.cv2.bn.running_var,bn_running_var,false,true
8.m.0.m.1.cv2.bn.num_batches_tracked,bn_num_batches_tracked,false,true
9.cv1.bn.running_mean,bn_running_mean,false,true
9.cv1.bn.running_var,bn_running_var,false,true
9.cv1.bn.num_batches_tracked,bn_num_batches_tracked,false,true
9.cv2.bn.running_mean,bn_running_mean,false,true
9.cv2.bn.running_var,bn_running_var,false,true
9.cv2.bn.num_batches_tracked,bn_num_batches_tracked,false,true
10.cv1.bn.running_mean,bn_running_mean,false,true
10.cv1.bn.running_var,bn_running_var,false,true
10.cv1.bn.num_batches_tracked,bn_num_batches_tracked,false,true
10.cv2.bn.running_mean,bn_running_mean,false,true
10.cv2.bn.running_var,bn_running_var,false,true
10.cv2.bn.num_batches_tracked,bn_num_batches_tracked,false,true
10.m.0.attn.qkv.bn.running_mean,bn_running_mean,false,true
10.m.0.attn.qkv.bn.running_var,bn_running_var,false,true
10.m.0.attn.qkv.bn.num_batches_tracked,bn_num_batches_tracked,false,true
10.m.0.attn.proj.bn.running_mean,bn_running_mean,false,true
10.m.0.attn.proj.bn.running_var,bn_running_var,false,true
10.m.0.attn.proj.bn.num_batches_tracked,bn_num_batches_tracked,false,true
10.m.0.attn.pe.bn.running_mean,bn_running_mean,false,true
10.m.0.attn.pe.bn.running_var,bn_running_var,false,true
10.m.0.attn.pe.bn.num_batches_tracked,bn_num_batches_tracked,false,true
10.m.0.ffn.0.bn.running_mean,bn_running_mean,false,true
10.m.0.ffn.0.bn.running_var,bn_running_var,false,true
10.m.0.ffn.0.bn.num_batches_tracked,bn_num_batches_tracked,false,true
10.m.0.ffn.1.bn.running_mean,bn_running_mean,false,true
10.m.0.ffn.1.bn.running_var,bn_running_var,false,true
10.m.0.ffn.1.bn.num_batches_tracked,bn_num_batches_tracked,false,true
