experiment,artifact_type,file_path,file_size,decode_pass
exp02_baseline,png,results/fast_repro/figures/exp02_baseline/BoxF1_curve.png,313140,True
exp02_baseline,png,results/fast_repro/figures/exp02_baseline/BoxPR_curve.png,178756,True
exp02_baseline,png,results/fast_repro/figures/exp02_baseline/BoxP_curve.png,276877,True
exp02_baseline,png,results/fast_repro/figures/exp02_baseline/BoxR_curve.png,253266,True
exp02_baseline,png,results/fast_repro/figures/exp02_baseline/MaskF1_curve.png,306623,True
exp02_baseline,png,results/fast_repro/figures/exp02_baseline/MaskPR_curve.png,175116,True
exp02_baseline,png,results/fast_repro/figures/exp02_baseline/MaskP_curve.png,278454,True
exp02_baseline,png,results/fast_repro/figures/exp02_baseline/MaskR_curve.png,240411,True
exp02_baseline,png,results/fast_repro/figures/exp02_baseline/confusion_matrix.png,163830,True
exp02_baseline,png,results/fast_repro/figures/exp02_baseline/confusion_matrix_normalized.png,192942,True
exp02_baseline,jpg,results/fast_repro/figures/exp02_baseline/labels.jpg,205671,True
exp02_baseline,png,results/fast_repro/figures/exp02_baseline/results.png,468745,True
exp02_baseline,jpg,results/fast_repro/figures/exp02_baseline/train_batch0.jpg,376087,True
exp02_baseline,jpg,results/fast_repro/figures/exp02_baseline/train_batch1.jpg,450891,True
exp02_baseline,jpg,results/fast_repro/figures/exp02_baseline/train_batch1890.jpg,392536,True
exp02_baseline,jpg,results/fast_repro/figures/exp02_baseline/train_batch1891.jpg,396921,True
exp02_baseline,jpg,results/fast_repro/figures/exp02_baseline/train_batch1892.jpg,339938,True
exp02_baseline,jpg,results/fast_repro/figures/exp02_baseline/train_batch2.jpg,355434,True
exp02_baseline,jpg,results/fast_repro/figures/exp02_baseline/val_batch0_labels.jpg,269523,True
exp02_baseline,jpg,results/fast_repro/figures/exp02_baseline/val_batch0_pred.jpg,270896,True
exp02_baseline,jpg,results/fast_repro/figures/exp02_baseline/val_batch1_labels.jpg,312593,True
exp02_baseline,jpg,results/fast_repro/figures/exp02_baseline/val_batch1_pred.jpg,316170,True
exp02_baseline,jpg,results/fast_repro/figures/exp02_baseline/val_batch2_labels.jpg,333296,True
exp02_baseline,jpg,results/fast_repro/figures/exp02_baseline/val_batch2_pred.jpg,333333,True
exp03_low_conf,jpg,results/fast_repro/figures/exp03_low_conf/LOCALIZATION_FAILURE__10__1.jpg,107916,True
exp03_low_conf,jpg,results/fast_repro/figures/exp03_low_conf/LOCALIZATION_FAILURE__10__25.jpg,109967,True
exp03_low_conf,jpg,results/fast_repro/figures/exp03_low_conf/LOCALIZATION_FAILURE__32__1.jpg,144084,True
exp03_low_conf,jpg,results/fast_repro/figures/exp03_low_conf/LOCALIZATION_FAILURE__32__2.jpg,141587,True
exp03_low_conf,jpg,results/fast_repro/figures/exp03_low_conf/LOCALIZATION_FAILURE__42__0.jpg,126926,True
exp03_low_conf,jpg,results/fast_repro/figures/exp03_low_conf/LOCALIZATION_FAILURE__47__3.jpg,156912,True
exp03_low_conf,jpg,results/fast_repro/figures/exp03_low_conf/LOCALIZATION_FAILURE__47__4.jpg,156230,True
exp03_low_conf,jpg,results/fast_repro/figures/exp03_low_conf/LOCALIZATION_FAILURE__62__1.jpg,162875,True
exp03_low_conf,jpg,results/fast_repro/figures/exp03_low_conf/LOW_CONF_RECOVERABLE__10__10.jpg,107299,True
exp03_low_conf,jpg,results/fast_repro/figures/exp03_low_conf/LOW_CONF_RECOVERABLE__10__15.jpg,105663,True
exp03_low_conf,jpg,results/fast_repro/figures/exp03_low_conf/LOW_CONF_RECOVERABLE__10__16.jpg,105525,True
exp03_low_conf,jpg,results/fast_repro/figures/exp03_low_conf/LOW_CONF_RECOVERABLE__10__2.jpg,105777,True
exp03_low_conf,jpg,results/fast_repro/figures/exp03_low_conf/LOW_CONF_RECOVERABLE__10__20.jpg,105668,True
exp03_low_conf,jpg,results/fast_repro/figures/exp03_low_conf/LOW_CONF_RECOVERABLE__10__21.jpg,105519,True
exp03_low_conf,jpg,results/fast_repro/figures/exp03_low_conf/LOW_CONF_RECOVERABLE__10__22.jpg,106088,True
exp03_low_conf,jpg,results/fast_repro/figures/exp03_low_conf/LOW_CONF_RECOVERABLE__10__23.jpg,105465,True
exp03_low_conf,jpg,results/fast_repro/figures/exp03_low_conf/NO_RESPONSE__440__0.jpg,18790,True
exp03_low_conf,jpg,results/fast_repro/figures/exp03_low_conf/WRONG_CLASS__47__0.jpg,160811,True
exp03_low_conf,jpg,results/fast_repro/figures/exp03_low_conf/WRONG_CLASS__47__1.jpg,159983,True
exp03_low_conf,jpg,results/fast_repro/figures/exp03_low_conf/WRONG_CLASS__62__3.jpg,169111,True
exp03_low_conf,jpg,results/fast_repro/figures/exp03_low_conf/WRONG_CLASS__62__4.jpg,161364,True
exp03_low_conf,jpg,results/fast_repro/figures/exp03_low_conf/WRONG_CLASS__70__1.jpg,124835,True
exp03_low_conf,jpg,results/fast_repro/figures/exp03_low_conf/WRONG_CLASS__90__1.jpg,181708,True
exp03_low_conf,jpg,results/fast_repro/figures/exp03_low_conf/WRONG_CLASS__92__1.jpg,165023,True
exp03_low_conf,jpg,results/fast_repro/figures/exp03_low_conf/WRONG_CLASS__92__2.jpg,154884,True
exp03_low_conf,png,results/fast_repro/figures/exp03_low_conf/exp03_fn_recovery_summary.png,44513,True
exp03_low_conf,png,results/fast_repro/figures/exp03_low_conf/exp03_threshold_f1.png,42915,True
exp03_low_conf,png,results/fast_repro/figures/exp03_low_conf/exp03_threshold_precision_recall.png,56419,True
exp03_low_conf,png,results/fast_repro/figures/exp03_low_conf/exp03_threshold_tp_fp_fn.png,56289,True
exp04_crack_oneclass,png,results/fast_repro/figures/exp04_crack_oneclass/BoxF1_curve.png,93599,True
exp04_crack_oneclass,png,results/fast_repro/figures/exp04_crack_oneclass/BoxPR_curve.png,80883,True
exp04_crack_oneclass,png,results/fast_repro/figures/exp04_crack_oneclass/BoxP_curve.png,111426,True
exp04_crack_oneclass,png,results/fast_repro/figures/exp04_crack_oneclass/BoxR_curve.png,94468,True
exp04_crack_oneclass,png,results/fast_repro/figures/exp04_crack_oneclass/MaskF1_curve.png,89118,True
exp04_crack_oneclass,png,results/fast_repro/figures/exp04_crack_oneclass/MaskPR_curve.png,78076,True
exp04_crack_oneclass,png,results/fast_repro/figures/exp04_crack_oneclass/MaskP_curve.png,108052,True
exp04_crack_oneclass,png,results/fast_repro/figures/exp04_crack_oneclass/MaskR_curve.png,89905,True
exp04_crack_oneclass,png,results/fast_repro/figures/exp04_crack_oneclass/confusion_matrix.png,97498,True
exp04_crack_oneclass,png,results/fast_repro/figures/exp04_crack_oneclass/confusion_matrix_normalized.png,96769,True
exp04_crack_oneclass,png,results/fast_repro/figures/exp04_crack_oneclass/exp04_crack_multiclass_vs_oneclass.png,21910,True
exp04_crack_oneclass,jpg,results/fast_repro/figures/exp04_crack_oneclass/labels.jpg,107821,True
exp04_crack_oneclass,png,results/fast_repro/figures/exp04_crack_oneclass/results.png,562069,True
exp04_crack_oneclass,jpg,results/fast_repro/figures/exp04_crack_oneclass/train_batch0.jpg,347908,True
exp04_crack_oneclass,jpg,results/fast_repro/figures/exp04_crack_oneclass/train_batch1.jpg,435874,True
exp04_crack_oneclass,jpg,results/fast_repro/figures/exp04_crack_oneclass/train_batch1890.jpg,379179,True
exp04_crack_oneclass,jpg,results/fast_repro/figures/exp04_crack_oneclass/train_batch1891.jpg,384122,True
exp04_crack_oneclass,jpg,results/fast_repro/figures/exp04_crack_oneclass/train_batch1892.jpg,323148,True
exp04_crack_oneclass,jpg,results/fast_repro/figures/exp04_crack_oneclass/train_batch2.jpg,344441,True
exp04_crack_oneclass,jpg,results/fast_repro/figures/exp04_crack_oneclass/val_batch0_labels.jpg,239780,True
exp04_crack_oneclass,jpg,results/fast_repro/figures/exp04_crack_oneclass/val_batch0_pred.jpg,238403,True
exp04_crack_oneclass,jpg,results/fast_repro/figures/exp04_crack_oneclass/val_batch1_labels.jpg,324051,True
exp04_crack_oneclass,jpg,results/fast_repro/figures/exp04_crack_oneclass/val_batch1_pred.jpg,301701,True
exp04_crack_oneclass,jpg,results/fast_repro/figures/exp04_crack_oneclass/val_batch2_labels.jpg,315590,True
exp04_crack_oneclass,jpg,results/fast_repro/figures/exp04_crack_oneclass/val_batch2_pred.jpg,315590,True
comparison,png,results/fast_repro/figures/exp05_hard_mining/comparison/BoxF1_curve.png,303391,True
comparison,png,results/fast_repro/figures/exp05_hard_mining/comparison/BoxPR_curve.png,182948,True
comparison,png,results/fast_repro/figures/exp05_hard_mining/comparison/BoxP_curve.png,269399,True
comparison,png,results/fast_repro/figures/exp05_hard_mining/comparison/BoxR_curve.png,243245,True
comparison,png,results/fast_repro/figures/exp05_hard_mining/comparison/MaskF1_curve.png,288227,True
comparison,png,results/fast_repro/figures/exp05_hard_mining/comparison/MaskPR_curve.png,181606,True
comparison,png,results/fast_repro/figures/exp05_hard_mining/comparison/MaskP_curve.png,295013,True
comparison,png,results/fast_repro/figures/exp05_hard_mining/comparison/MaskR_curve.png,224053,True
comparison,png,results/fast_repro/figures/exp05_hard_mining/comparison/confusion_matrix.png,163852,True
comparison,png,results/fast_repro/figures/exp05_hard_mining/comparison/confusion_matrix_normalized.png,203520,True
comparison,png,results/fast_repro/figures/exp05_hard_mining/comparison/exp05_control_vs_hard_mining_errors.png,15340,True
comparison,png,results/fast_repro/figures/exp05_hard_mining/comparison/exp05_control_vs_hard_mining_metrics.png,20469,True
comparison,jpg,results/fast_repro/figures/exp05_hard_mining/comparison/labels.jpg,205671,True
comparison,png,results/fast_repro/figures/exp05_hard_mining/comparison/results.png,470487,True
comparison,jpg,results/fast_repro/figures/exp05_hard_mining/comparison/train_batch0.jpg,427762,True
comparison,jpg,results/fast_repro/figures/exp05_hard_mining/comparison/train_batch1.jpg,473310,True
comparison,jpg,results/fast_repro/figures/exp05_hard_mining/comparison/train_batch2.jpg,419823,True
comparison,jpg,results/fast_repro/figures/exp05_hard_mining/comparison/train_batch420.jpg,358610,True
comparison,jpg,results/fast_repro/figures/exp05_hard_mining/comparison/train_batch421.jpg,369095,True
comparison,jpg,results/fast_repro/figures/exp05_hard_mining/comparison/train_batch422.jpg,336144,True
comparison,jpg,results/fast_repro/figures/exp05_hard_mining/comparison/val_batch0_labels.jpg,269523,True
comparison,jpg,results/fast_repro/figures/exp05_hard_mining/comparison/val_batch0_pred.jpg,263102,True
comparison,jpg,results/fast_repro/figures/exp05_hard_mining/comparison/val_batch1_labels.jpg,312593,True
comparison,jpg,results/fast_repro/figures/exp05_hard_mining/comparison/val_batch1_pred.jpg,326184,True
comparison,jpg,results/fast_repro/figures/exp05_hard_mining/comparison/val_batch2_labels.jpg,333296,True
comparison,jpg,results/fast_repro/figures/exp05_hard_mining/comparison/val_batch2_pred.jpg,334160,True
control,png,results/fast_repro/figures/exp05_hard_mining/control/BoxF1_curve.png,303391,True
control,png,results/fast_repro/figures/exp05_hard_mining/control/BoxPR_curve.png,182948,True
control,png,results/fast_repro/figures/exp05_hard_mining/control/BoxP_curve.png,269399,True
control,png,results/fast_repro/figures/exp05_hard_mining/control/BoxR_curve.png,243245,True
control,png,results/fast_repro/figures/exp05_hard_mining/control/MaskF1_curve.png,288227,True
control,png,results/fast_repro/figures/exp05_hard_mining/control/MaskPR_curve.png,181606,True
control,png,results/fast_repro/figures/exp05_hard_mining/control/MaskP_curve.png,295013,True
control,png,results/fast_repro/figures/exp05_hard_mining/control/MaskR_curve.png,224053,True
control,png,results/fast_repro/figures/exp05_hard_mining/control/confusion_matrix.png,163852,True
control,png,results/fast_repro/figures/exp05_hard_mining/control/confusion_matrix_normalized.png,203520,True
control,jpg,results/fast_repro/figures/exp05_hard_mining/control/labels.jpg,205671,True
control,png,results/fast_repro/figures/exp05_hard_mining/control/results.png,470487,True
control,jpg,results/fast_repro/figures/exp05_hard_mining/control/train_batch0.jpg,427762,True
control,jpg,results/fast_repro/figures/exp05_hard_mining/control/train_batch1.jpg,473310,True
control,jpg,results/fast_repro/figures/exp05_hard_mining/control/train_batch2.jpg,419823,True
control,jpg,results/fast_repro/figures/exp05_hard_mining/control/train_batch420.jpg,358610,True
control,jpg,results/fast_repro/figures/exp05_hard_mining/control/train_batch421.jpg,369095,True
control,jpg,results/fast_repro/figures/exp05_hard_mining/control/train_batch422.jpg,336144,True
control,jpg,results/fast_repro/figures/exp05_hard_mining/control/val_batch0_labels.jpg,269523,True
control,jpg,results/fast_repro/figures/exp05_hard_mining/control/val_batch0_pred.jpg,263102,True
control,jpg,results/fast_repro/figures/exp05_hard_mining/control/val_batch1_labels.jpg,312593,True
control,jpg,results/fast_repro/figures/exp05_hard_mining/control/val_batch1_pred.jpg,326184,True
control,jpg,results/fast_repro/figures/exp05_hard_mining/control/val_batch2_labels.jpg,333296,True
control,jpg,results/fast_repro/figures/exp05_hard_mining/control/val_batch2_pred.jpg,334160,True
treatment,png,results/fast_repro/figures/exp05_hard_mining/treatment/BoxF1_curve.png,300556,True
treatment,png,results/fast_repro/figures/exp05_hard_mining/treatment/BoxPR_curve.png,184763,True
treatment,png,results/fast_repro/figures/exp05_hard_mining/treatment/BoxP_curve.png,285917,True
treatment,png,results/fast_repro/figures/exp05_hard_mining/treatment/BoxR_curve.png,240041,True
treatment,png,results/fast_repro/figures/exp05_hard_mining/treatment/MaskF1_curve.png,298163,True
treatment,png,results/fast_repro/figures/exp05_hard_mining/treatment/MaskPR_curve.png,180992,True
treatment,png,results/fast_repro/figures/exp05_hard_mining/treatment/MaskP_curve.png,290590,True
treatment,png,results/fast_repro/figures/exp05_hard_mining/treatment/MaskR_curve.png,230573,True
treatment,png,results/fast_repro/figures/exp05_hard_mining/treatment/confusion_matrix.png,166654,True
treatment,png,results/fast_repro/figures/exp05_hard_mining/treatment/confusion_matrix_normalized.png,199237,True
treatment,jpg,results/fast_repro/figures/exp05_hard_mining/treatment/labels.jpg,205671,True
treatment,png,results/fast_repro/figures/exp05_hard_mining/treatment/results.png,493938,True
treatment,jpg,results/fast_repro/figures/exp05_hard_mining/treatment/train_batch0.jpg,490954,True
treatment,jpg,results/fast_repro/figures/exp05_hard_mining/treatment/train_batch1.jpg,507332,True
treatment,jpg,results/fast_repro/figures/exp05_hard_mining/treatment/train_batch2.jpg,458203,True
treatment,jpg,results/fast_repro/figures/exp05_hard_mining/treatment/train_batch420.jpg,390411,True
treatment,jpg,results/fast_repro/figures/exp05_hard_mining/treatment/train_batch421.jpg,411920,True
treatment,jpg,results/fast_repro/figures/exp05_hard_mining/treatment/train_batch422.jpg,387638,True
treatment,jpg,results/fast_repro/figures/exp05_hard_mining/treatment/val_batch0_labels.jpg,269523,True
treatment,jpg,results/fast_repro/figures/exp05_hard_mining/treatment/val_batch0_pred.jpg,278843,True
treatment,jpg,results/fast_repro/figures/exp05_hard_mining/treatment/val_batch1_labels.jpg,312593,True
treatment,jpg,results/fast_repro/figures/exp05_hard_mining/treatment/val_batch1_pred.jpg,314026,True
treatment,jpg,results/fast_repro/figures/exp05_hard_mining/treatment/val_batch2_labels.jpg,333296,True
treatment,jpg,results/fast_repro/figures/exp05_hard_mining/treatment/val_batch2_pred.jpg,332267,True
fasttrack_b,png,results/fast_repro/figures/exp06_roi_ce/accuracy_macro_f1.png,70121,True
fasttrack_b,png,results/fast_repro/figures/exp06_roi_ce/confusion_matrix.png,61694,True
fasttrack_b,png,results/fast_repro/figures/exp06_roi_ce/confusion_matrix_normalized.png,61609,True
fasttrack_b,png,results/fast_repro/figures/exp06_roi_ce/per_class_f1.png,38557,True
fasttrack_b,png,results/fast_repro/figures/exp06_roi_ce/training_loss.png,30309,True
fasttrack_b,png,results/fast_repro/figures/exp06_supcon/accuracy_macro_f1.png,68302,True
fasttrack_b,png,results/fast_repro/figures/exp06_supcon/confusion_matrix.png,58194,True
fasttrack_b,png,results/fast_repro/figures/exp06_supcon/confusion_matrix_normalized.png,61530,True
fasttrack_b,png,results/fast_repro/figures/exp06_supcon/embedding_std.png,40394,True
fasttrack_b,png,results/fast_repro/figures/exp06_supcon/exp06_ce_vs_supcon.png,22544,True
fasttrack_b,png,results/fast_repro/figures/exp06_supcon/per_class_f1.png,38552,True
fasttrack_b,png,results/fast_repro/figures/exp06_supcon/training_loss.png,35811,True
fasttrack_b,png,results/fast_repro/figures/exp07_stage2/exp07_stage1_threshold_tradeoff.png,34190,True
fasttrack_b,png,results/fast_repro/figures/exp07_stage2/exp07_stage2_main_comparison.png,18217,True
fasttrack_b,png,results/fast_repro/figures/exp07_stage2/exp07_stage2_modeA_grid.png,27150,True
fasttrack_b,png,results/fast_repro/figures/exp07_stage2/exp07_stage2_modeB_grid.png,27169,True
fasttrack_b,jpg,results/fast_repro/figures/exp07_stage2/qualitative/error_filter_tp__10.jpg,127648,True
fasttrack_b,jpg,results/fast_repro/figures/exp07_stage2/qualitative/error_filter_tp__160.jpg,152900,True
fasttrack_b,jpg,results/fast_repro/figures/exp07_stage2/qualitative/error_filter_tp__245.jpg,167918,True
fasttrack_b,jpg,results/fast_repro/figures/exp07_stage2/qualitative/error_filter_tp__251.jpg,124268,True
fasttrack_b,jpg,results/fast_repro/figures/exp07_stage2/qualitative/error_filter_tp__262.jpg,107861,True
fasttrack_b,jpg,results/fast_repro/figures/exp07_stage2/qualitative/error_filter_tp__308.jpg,176581,True
fasttrack_b,jpg,results/fast_repro/figures/exp07_stage2/qualitative/error_filter_tp__364.jpg,153881,True
fasttrack_b,jpg,results/fast_repro/figures/exp07_stage2/qualitative/error_filter_tp__41.jpg,93862,True
fasttrack_b,jpg,results/fast_repro/figures/exp07_stage2/qualitative/error_reclassify__10.jpg,125455,True
fasttrack_b,jpg,results/fast_repro/figures/exp07_stage2/qualitative/error_reclassify__160.jpg,153060,True
fasttrack_b,jpg,results/fast_repro/figures/exp07_stage2/qualitative/error_reclassify__187.jpg,94848,True
fasttrack_b,jpg,results/fast_repro/figures/exp07_stage2/qualitative/error_reclassify__245.jpg,167122,True
fasttrack_b,jpg,results/fast_repro/figures/exp07_stage2/qualitative/error_reclassify__41.jpg,94011,True
fasttrack_b,jpg,results/fast_repro/figures/exp07_stage2/qualitative/error_reclassify__42.jpg,128810,True
fasttrack_b,jpg,results/fast_repro/figures/exp07_stage2/qualitative/success_filter_fp__10.jpg,127890,True
fasttrack_b,jpg,results/fast_repro/figures/exp07_stage2/qualitative/success_filter_fp__45.jpg,160653,True
fasttrack_b,jpg,results/fast_repro/figures/exp07_stage2/qualitative/success_filter_fp__60.jpg,148909,True
fasttrack_b,jpg,results/fast_repro/figures/exp07_stage2/qualitative/success_filter_fp__62.jpg,172335,True
fasttrack_b,jpg,results/fast_repro/figures/exp07_stage2/qualitative/success_filter_fp__70.jpg,122652,True
fasttrack_b,jpg,results/fast_repro/figures/exp07_stage2/qualitative/success_filter_fp__78.jpg,128417,True
fasttrack_b,jpg,results/fast_repro/figures/exp07_stage2/qualitative/success_keep_low_conf_tp__10.jpg,128802,True
fasttrack_b,jpg,results/fast_repro/figures/exp07_stage2/qualitative/success_keep_low_conf_tp__251.jpg,126267,True
fasttrack_b,jpg,results/fast_repro/figures/exp07_stage2/qualitative/success_keep_low_conf_tp__267.jpg,155637,True
fasttrack_b,jpg,results/fast_repro/figures/exp07_stage2/qualitative/success_keep_low_conf_tp__42.jpg,129825,True
fasttrack_b,jpg,results/fast_repro/figures/exp07_stage2/qualitative/success_keep_low_conf_tp__432.jpg,168108,True
fasttrack_b,jpg,results/fast_repro/figures/exp07_stage2/qualitative/success_keep_low_conf_tp__61.jpg,165893,True
fasttrack_b,jpg,results/fast_repro/figures/exp07_stage2/qualitative/success_reclassify__422.jpg,147824,True
fasttrack_b,jpg,results/fast_repro/figures/exp07_stage2/qualitative/success_reclassify__60.jpg,149062,True
fasttrack_b,jpg,results/fast_repro/figures/exp07_stage2/qualitative/success_reclassify__648.jpg,21545,True
fasttrack_b,jpg,results/fast_repro/figures/exp07_stage2/qualitative/success_reclassify__671.jpg,22178,True
fasttrack_b,jpg,results/fast_repro/figures/exp07_stage2/qualitative/success_reclassify__704.jpg,21665,True
fasttrack_c,png,results/fast_repro/figures/exp09_simsiam/exp09_feature_std.png,26083,True
fasttrack_c,png,results/fast_repro/figures/exp09_simsiam/exp09_simsiam_loss.png,42456,True
fasttrack_c,png,results/fast_repro/figures/exp09_simsiam/exp09_transfer_verification.png,29652,True
exp09_transfer_repair,png,results/fast_repro/figures/exp09_simsiam/exp09_transfer_verification_summary.png,54001,True
