path,exists,size_bytes,decode_pass
/root/autodl-tmp/borescope-new-seg-repro/results/final_verify/exp10_controlled_restart/seed43/hard_treatment30/formal/ultralytics/treatment/results.png,True,458895,True
/root/autodl-tmp/borescope-new-seg-repro/results/final_verify/exp10_controlled_restart/seed43/hard_treatment30/formal/ultralytics/treatment/confusion_matrix.png,True,163855,True
/root/autodl-tmp/borescope-new-seg-repro/results/final_verify/exp10_controlled_restart/seed43/hard_treatment30/formal/ultralytics/treatment/confusion_matrix_normalized.png,True,211067,True
/root/autodl-tmp/borescope-new-seg-repro/results/final_verify/exp10_controlled_restart/seed43/hard_treatment30/formal/ultralytics/treatment/BoxF1_curve.png,True,302788,True
/root/autodl-tmp/borescope-new-seg-repro/results/final_verify/exp10_controlled_restart/seed43/hard_treatment30/formal/ultralytics/treatment/BoxPR_curve.png,True,188086,True
/root/autodl-tmp/borescope-new-seg-repro/results/final_verify/exp10_controlled_restart/seed43/hard_treatment30/formal/ultralytics/treatment/BoxP_curve.png,True,267353,True
/root/autodl-tmp/borescope-new-seg-repro/results/final_verify/exp10_controlled_restart/seed43/hard_treatment30/formal/ultralytics/treatment/BoxR_curve.png,True,238086,True
/root/autodl-tmp/borescope-new-seg-repro/results/final_verify/exp10_controlled_restart/seed43/hard_treatment30/formal/ultralytics/treatment/MaskF1_curve.png,True,304621,True
/root/autodl-tmp/borescope-new-seg-repro/results/final_verify/exp10_controlled_restart/seed43/hard_treatment30/formal/ultralytics/treatment/MaskPR_curve.png,True,185855,True
/root/autodl-tmp/borescope-new-seg-repro/results/final_verify/exp10_controlled_restart/seed43/hard_treatment30/formal/ultralytics/treatment/MaskP_curve.png,True,271146,True
/root/autodl-tmp/borescope-new-seg-repro/results/final_verify/exp10_controlled_restart/seed43/hard_treatment30/formal/ultralytics/treatment/MaskR_curve.png,True,233563,True
/root/autodl-tmp/borescope-new-seg-repro/results/final_verify/exp10_controlled_restart/seed43/hard_treatment30/formal/ultralytics/treatment/val_batch0_labels.jpg,True,269523,True
/root/autodl-tmp/borescope-new-seg-repro/results/final_verify/exp10_controlled_restart/seed43/hard_treatment30/formal/ultralytics/treatment/val_batch0_pred.jpg,True,268747,True
/root/autodl-tmp/borescope-new-seg-repro/results/final_verify/exp10_controlled_restart/seed44/baseline100/formal/ultralytics/baseline/results.png,True,454015,True
/root/autodl-tmp/borescope-new-seg-repro/results/final_verify/exp10_controlled_restart/seed44/baseline100/formal/ultralytics/baseline/confusion_matrix.png,True,163380,True
/root/autodl-tmp/borescope-new-seg-repro/results/final_verify/exp10_controlled_restart/seed44/baseline100/formal/ultralytics/baseline/confusion_matrix_normalized.png,True,203653,True
/root/autodl-tmp/borescope-new-seg-repro/results/final_verify/exp10_controlled_restart/seed44/baseline100/formal/ultralytics/baseline/BoxF1_curve.png,True,313372,True
/root/autodl-tmp/borescope-new-seg-repro/results/final_verify/exp10_controlled_restart/seed44/baseline100/formal/ultralytics/baseline/BoxPR_curve.png,True,179961,True
/root/autodl-tmp/borescope-new-seg-repro/results/final_verify/exp10_controlled_restart/seed44/baseline100/formal/ultralytics/baseline/BoxP_curve.png,True,264472,True
/root/autodl-tmp/borescope-new-seg-repro/results/final_verify/exp10_controlled_restart/seed44/baseline100/formal/ultralytics/baseline/BoxR_curve.png,True,254587,True
/root/autodl-tmp/borescope-new-seg-repro/results/final_verify/exp10_controlled_restart/seed44/baseline100/formal/ultralytics/baseline/MaskF1_curve.png,True,313800,True
/root/autodl-tmp/borescope-new-seg-repro/results/final_verify/exp10_controlled_restart/seed44/baseline100/formal/ultralytics/baseline/MaskPR_curve.png,True,180370,True
/root/autodl-tmp/borescope-new-seg-repro/results/final_verify/exp10_controlled_restart/seed44/baseline100/formal/ultralytics/baseline/MaskP_curve.png,True,274764,True
/root/autodl-tmp/borescope-new-seg-repro/results/final_verify/exp10_controlled_restart/seed44/baseline100/formal/ultralytics/baseline/MaskR_curve.png,True,248488,True
/root/autodl-tmp/borescope-new-seg-repro/results/final_verify/exp10_controlled_restart/seed44/baseline100/formal/ultralytics/baseline/val_batch0_labels.jpg,True,269523,True
/root/autodl-tmp/borescope-new-seg-repro/results/final_verify/exp10_controlled_restart/seed44/baseline100/formal/ultralytics/baseline/val_batch0_pred.jpg,True,276052,True
/root/autodl-tmp/borescope-new-seg-repro/results/final_verify/exp10_controlled_restart/seed44/uniform_control30/formal/ultralytics/control/results.png,True,511743,True
/root/autodl-tmp/borescope-new-seg-repro/results/final_verify/exp10_controlled_restart/seed44/uniform_control30/formal/ultralytics/control/confusion_matrix.png,True,163753,True
/root/autodl-tmp/borescope-new-seg-repro/results/final_verify/exp10_controlled_restart/seed44/uniform_control30/formal/ultralytics/control/confusion_matrix_normalized.png,True,198952,True
/root/autodl-tmp/borescope-new-seg-repro/results/final_verify/exp10_controlled_restart/seed44/uniform_control30/formal/ultralytics/control/BoxF1_curve.png,True,320711,True
/root/autodl-tmp/borescope-new-seg-repro/results/final_verify/exp10_controlled_restart/seed44/uniform_control30/formal/ultralytics/control/BoxPR_curve.png,True,184624,True
/root/autodl-tmp/borescope-new-seg-repro/results/final_verify/exp10_controlled_restart/seed44/uniform_control30/formal/ultralytics/control/BoxP_curve.png,True,283839,True
/root/autodl-tmp/borescope-new-seg-repro/results/final_verify/exp10_controlled_restart/seed44/uniform_control30/formal/ultralytics/control/BoxR_curve.png,True,260899,True
/root/autodl-tmp/borescope-new-seg-repro/results/final_verify/exp10_controlled_restart/seed44/uniform_control30/formal/ultralytics/control/MaskF1_curve.png,True,317225,True
/root/autodl-tmp/borescope-new-seg-repro/results/final_verify/exp10_controlled_restart/seed44/uniform_control30/formal/ultralytics/control/MaskPR_curve.png,True,183532,True
/root/autodl-tmp/borescope-new-seg-repro/results/final_verify/exp10_controlled_restart/seed44/uniform_control30/formal/ultralytics/control/MaskP_curve.png,True,288032,True
/root/autodl-tmp/borescope-new-seg-repro/results/final_verify/exp10_controlled_restart/seed44/uniform_control30/formal/ultralytics/control/MaskR_curve.png,True,254520,True
/root/autodl-tmp/borescope-new-seg-repro/results/final_verify/exp10_controlled_restart/seed44/uniform_control30/formal/ultralytics/control/val_batch0_labels.jpg,True,269523,True
/root/autodl-tmp/borescope-new-seg-repro/results/final_verify/exp10_controlled_restart/seed44/uniform_control30/formal/ultralytics/control/val_batch0_pred.jpg,True,279210,True
/root/autodl-tmp/borescope-new-seg-repro/results/final_verify/exp10_controlled_restart/seed44/hard_treatment30/formal/ultralytics/treatment/results.png,True,507729,True
/root/autodl-tmp/borescope-new-seg-repro/results/final_verify/exp10_controlled_restart/seed44/hard_treatment30/formal/ultralytics/treatment/confusion_matrix.png,True,163819,True
/root/autodl-tmp/borescope-new-seg-repro/results/final_verify/exp10_controlled_restart/seed44/hard_treatment30/formal/ultralytics/treatment/confusion_matrix_normalized.png,True,206321,True
/root/autodl-tmp/borescope-new-seg-repro/results/final_verify/exp10_controlled_restart/seed44/hard_treatment30/formal/ultralytics/treatment/BoxF1_curve.png,True,303422,True
/root/autodl-tmp/borescope-new-seg-repro/results/final_verify/exp10_controlled_restart/seed44/hard_treatment30/formal/ultralytics/treatment/BoxPR_curve.png,True,185854,True
/root/autodl-tmp/borescope-new-seg-repro/results/final_verify/exp10_controlled_restart/seed44/hard_treatment30/formal/ultralytics/treatment/BoxP_curve.png,True,274534,True
/root/autodl-tmp/borescope-new-seg-repro/results/final_verify/exp10_controlled_restart/seed44/hard_treatment30/formal/ultralytics/treatment/BoxR_curve.png,True,249048,True
/root/autodl-tmp/borescope-new-seg-repro/results/final_verify/exp10_controlled_restart/seed44/hard_treatment30/formal/ultralytics/treatment/MaskF1_curve.png,True,301123,True
/root/autodl-tmp/borescope-new-seg-repro/results/final_verify/exp10_controlled_restart/seed44/hard_treatment30/formal/ultralytics/treatment/MaskPR_curve.png,True,184278,True
/root/autodl-tmp/borescope-new-seg-repro/results/final_verify/exp10_controlled_restart/seed44/hard_treatment30/formal/ultralytics/treatment/MaskP_curve.png,True,275595,True
/root/autodl-tmp/borescope-new-seg-repro/results/final_verify/exp10_controlled_restart/seed44/hard_treatment30/formal/ultralytics/treatment/MaskR_curve.png,True,241570,True
/root/autodl-tmp/borescope-new-seg-repro/results/final_verify/exp10_controlled_restart/seed44/hard_treatment30/formal/ultralytics/treatment/val_batch0_labels.jpg,True,269523,True
/root/autodl-tmp/borescope-new-seg-repro/results/final_verify/exp10_controlled_restart/seed44/hard_treatment30/formal/ultralytics/treatment/val_batch0_pred.jpg,True,269976,True
/root/autodl-tmp/borescope-new-seg-repro/results/final_verify/exp10_controlled_restart/seed42/unified_val/ultralytics/baseline100/confusion_matrix.png,True,163830,True
/root/autodl-tmp/borescope-new-seg-repro/results/final_verify/exp10_controlled_restart/seed42/unified_val/ultralytics/baseline100/confusion_matrix_normalized.png,True,192942,True
/root/autodl-tmp/borescope-new-seg-repro/results/final_verify/exp10_controlled_restart/seed42/unified_val/ultralytics/baseline100/BoxF1_curve.png,True,313727,True
/root/autodl-tmp/borescope-new-seg-repro/results/final_verify/exp10_controlled_restart/seed42/unified_val/ultralytics/baseline100/BoxPR_curve.png,True,178978,True
/root/autodl-tmp/borescope-new-seg-repro/results/final_verify/exp10_controlled_restart/seed42/unified_val/ultralytics/baseline100/BoxP_curve.png,True,279855,True
/root/autodl-tmp/borescope-new-seg-repro/results/final_verify/exp10_controlled_restart/seed42/unified_val/ultralytics/baseline100/BoxR_curve.png,True,253460,True
/root/autodl-tmp/borescope-new-seg-repro/results/final_verify/exp10_controlled_restart/seed42/unified_val/ultralytics/baseline100/MaskF1_curve.png,True,307419,True
/root/autodl-tmp/borescope-new-seg-repro/results/final_verify/exp10_controlled_restart/seed42/unified_val/ultralytics/baseline100/MaskPR_curve.png,True,176428,True
/root/autodl-tmp/borescope-new-seg-repro/results/final_verify/exp10_controlled_restart/seed42/unified_val/ultralytics/baseline100/MaskP_curve.png,True,282099,True
/root/autodl-tmp/borescope-new-seg-repro/results/final_verify/exp10_controlled_restart/seed42/unified_val/ultralytics/baseline100/MaskR_curve.png,True,241836,True
/root/autodl-tmp/borescope-new-seg-repro/results/final_verify/exp10_controlled_restart/seed42/unified_val/ultralytics/baseline100/val_batch0_labels.jpg,True,268852,True
/root/autodl-tmp/borescope-new-seg-repro/results/final_verify/exp10_controlled_restart/seed42/unified_val/ultralytics/baseline100/val_batch0_pred.jpg,True,269871,True
/root/autodl-tmp/borescope-new-seg-repro/results/final_verify/exp10_controlled_restart/seed42/unified_val/ultralytics/uniform_control30/confusion_matrix.png,True,163852,True
/root/autodl-tmp/borescope-new-seg-repro/results/final_verify/exp10_controlled_restart/seed42/unified_val/ultralytics/uniform_control30/confusion_matrix_normalized.png,True,203520,True
/root/autodl-tmp/borescope-new-seg-repro/results/final_verify/exp10_controlled_restart/seed42/unified_val/ultralytics/uniform_control30/BoxF1_curve.png,True,304402,True
/root/autodl-tmp/borescope-new-seg-repro/results/final_verify/exp10_controlled_restart/seed42/unified_val/ultralytics/uniform_control30/BoxPR_curve.png,True,182057,True
/root/autodl-tmp/borescope-new-seg-repro/results/final_verify/exp10_controlled_restart/seed42/unified_val/ultralytics/uniform_control30/BoxP_curve.png,True,266705,True
/root/autodl-tmp/borescope-new-seg-repro/results/final_verify/exp10_controlled_restart/seed42/unified_val/ultralytics/uniform_control30/BoxR_curve.png,True,244101,True
/root/autodl-tmp/borescope-new-seg-repro/results/final_verify/exp10_controlled_restart/seed42/unified_val/ultralytics/uniform_control30/MaskF1_curve.png,True,289006,True
/root/autodl-tmp/borescope-new-seg-repro/results/final_verify/exp10_controlled_restart/seed42/unified_val/ultralytics/uniform_control30/MaskPR_curve.png,True,180480,True
/root/autodl-tmp/borescope-new-seg-repro/results/final_verify/exp10_controlled_restart/seed42/unified_val/ultralytics/uniform_control30/MaskP_curve.png,True,291188,True
/root/autodl-tmp/borescope-new-seg-repro/results/final_verify/exp10_controlled_restart/seed42/unified_val/ultralytics/uniform_control30/MaskR_curve.png,True,225574,True
/root/autodl-tmp/borescope-new-seg-repro/results/final_verify/exp10_controlled_restart/seed42/unified_val/ultralytics/uniform_control30/val_batch0_labels.jpg,True,268852,True
/root/autodl-tmp/borescope-new-seg-repro/results/final_verify/exp10_controlled_restart/seed42/unified_val/ultralytics/uniform_control30/val_batch0_pred.jpg,True,261616,True
/root/autodl-tmp/borescope-new-seg-repro/results/final_verify/exp10_controlled_restart/seed42/unified_val/ultralytics/hard_treatment30/confusion_matrix.png,True,165770,True
/root/autodl-tmp/borescope-new-seg-repro/results/final_verify/exp10_controlled_restart/seed42/unified_val/ultralytics/hard_treatment30/confusion_matrix_normalized.png,True,199667,True
/root/autodl-tmp/borescope-new-seg-repro/results/final_verify/exp10_controlled_restart/seed42/unified_val/ultralytics/hard_treatment30/BoxF1_curve.png,True,300292,True
/root/autodl-tmp/borescope-new-seg-repro/results/final_verify/exp10_controlled_restart/seed42/unified_val/ultralytics/hard_treatment30/BoxPR_curve.png,True,185157,True
/root/autodl-tmp/borescope-new-seg-repro/results/final_verify/exp10_controlled_restart/seed42/unified_val/ultralytics/hard_treatment30/BoxP_curve.png,True,286618,True
/root/autodl-tmp/borescope-new-seg-repro/results/final_verify/exp10_controlled_restart/seed42/unified_val/ultralytics/hard_treatment30/BoxR_curve.png,True,239291,True
/root/autodl-tmp/borescope-new-seg-repro/results/final_verify/exp10_controlled_restart/seed42/unified_val/ultralytics/hard_treatment30/MaskF1_curve.png,True,300579,True
/root/autodl-tmp/borescope-new-seg-repro/results/final_verify/exp10_controlled_restart/seed42/unified_val/ultralytics/hard_treatment30/MaskPR_curve.png,True,179801,True
/root/autodl-tmp/borescope-new-seg-repro/results/final_verify/exp10_controlled_restart/seed42/unified_val/ultralytics/hard_treatment30/MaskP_curve.png,True,288502,True
/root/autodl-tmp/borescope-new-seg-repro/results/final_verify/exp10_controlled_restart/seed42/unified_val/ultralytics/hard_treatment30/MaskR_curve.png,True,230484,True
/root/autodl-tmp/borescope-new-seg-repro/results/final_verify/exp10_controlled_restart/seed42/unified_val/ultralytics/hard_treatment30/val_batch0_labels.jpg,True,268852,True
/root/autodl-tmp/borescope-new-seg-repro/results/final_verify/exp10_controlled_restart/seed42/unified_val/ultralytics/hard_treatment30/val_batch0_pred.jpg,True,277757,True
/root/autodl-tmp/borescope-new-seg-repro/results/final_verify/exp10_controlled_restart/seed43/unified_val/ultralytics/baseline100/confusion_matrix.png,True,166238,True
/root/autodl-tmp/borescope-new-seg-repro/results/final_verify/exp10_controlled_restart/seed43/unified_val/ultralytics/baseline100/confusion_matrix_normalized.png,True,205307,True
/root/autodl-tmp/borescope-new-seg-repro/results/final_verify/exp10_controlled_restart/seed43/unified_val/ultralytics/baseline100/BoxF1_curve.png,True,315228,True
/root/autodl-tmp/borescope-new-seg-repro/results/final_verify/exp10_controlled_restart/seed43/unified_val/ultralytics/baseline100/BoxPR_curve.png,True,186068,True
/root/autodl-tmp/borescope-new-seg-repro/results/final_verify/exp10_controlled_restart/seed43/unified_val/ultralytics/baseline100/BoxP_curve.png,True,278776,True
/root/autodl-tmp/borescope-new-seg-repro/results/final_verify/exp10_controlled_restart/seed43/unified_val/ultralytics/baseline100/BoxR_curve.png,True,252982,True
/root/autodl-tmp/borescope-new-seg-repro/results/final_verify/exp10_controlled_restart/seed43/unified_val/ultralytics/baseline100/MaskF1_curve.png,True,301385,True
/root/autodl-tmp/borescope-new-seg-repro/results/final_verify/exp10_controlled_restart/seed43/unified_val/ultralytics/baseline100/MaskPR_curve.png,True,176627,True
/root/autodl-tmp/borescope-new-seg-repro/results/final_verify/exp10_controlled_restart/seed43/unified_val/ultralytics/baseline100/MaskP_curve.png,True,268097,True
/root/autodl-tmp/borescope-new-seg-repro/results/final_verify/exp10_controlled_restart/seed43/unified_val/ultralytics/baseline100/MaskR_curve.png,True,240682,True
/root/autodl-tmp/borescope-new-seg-repro/results/final_verify/exp10_controlled_restart/seed43/unified_val/ultralytics/baseline100/val_batch0_labels.jpg,True,268852,True
/root/autodl-tmp/borescope-new-seg-repro/results/final_verify/exp10_controlled_restart/seed43/unified_val/ultralytics/baseline100/val_batch0_pred.jpg,True,266214,True
/root/autodl-tmp/borescope-new-seg-repro/results/final_verify/exp10_controlled_restart/seed43/unified_val/ultralytics/uniform_control30/confusion_matrix.png,True,162969,True
/root/autodl-tmp/borescope-new-seg-repro/results/final_verify/exp10_controlled_restart/seed43/unified_val/ultralytics/uniform_control30/confusion_matrix_normalized.png,True,194412,True
/root/autodl-tmp/borescope-new-seg-repro/results/final_verify/exp10_controlled_restart/seed43/unified_val/ultralytics/uniform_control30/BoxF1_curve.png,True,313146,True
/root/autodl-tmp/borescope-new-seg-repro/results/final_verify/exp10_controlled_restart/seed43/unified_val/ultralytics/uniform_control30/BoxPR_curve.png,True,184187,True
/root/autodl-tmp/borescope-new-seg-repro/results/final_verify/exp10_controlled_restart/seed43/unified_val/ultralytics/uniform_control30/BoxP_curve.png,True,268538,True
/root/autodl-tmp/borescope-new-seg-repro/results/final_verify/exp10_controlled_restart/seed43/unified_val/ultralytics/uniform_control30/BoxR_curve.png,True,251544,True
/root/autodl-tmp/borescope-new-seg-repro/results/final_verify/exp10_controlled_restart/seed43/unified_val/ultralytics/uniform_control30/MaskF1_curve.png,True,306062,True
/root/autodl-tmp/borescope-new-seg-repro/results/final_verify/exp10_controlled_restart/seed43/unified_val/ultralytics/uniform_control30/MaskPR_curve.png,True,176458,True
/root/autodl-tmp/borescope-new-seg-repro/results/final_verify/exp10_controlled_restart/seed43/unified_val/ultralytics/uniform_control30/MaskP_curve.png,True,272338,True
/root/autodl-tmp/borescope-new-seg-repro/results/final_verify/exp10_controlled_restart/seed43/unified_val/ultralytics/uniform_control30/MaskR_curve.png,True,235808,True
/root/autodl-tmp/borescope-new-seg-repro/results/final_verify/exp10_controlled_restart/seed43/unified_val/ultralytics/uniform_control30/val_batch0_labels.jpg,True,268852,True
/root/autodl-tmp/borescope-new-seg-repro/results/final_verify/exp10_controlled_restart/seed43/unified_val/ultralytics/uniform_control30/val_batch0_pred.jpg,True,272604,True
/root/autodl-tmp/borescope-new-seg-repro/results/final_verify/exp10_controlled_restart/seed43/unified_val/ultralytics/hard_treatment30/confusion_matrix.png,True,164984,True
/root/autodl-tmp/borescope-new-seg-repro/results/final_verify/exp10_controlled_restart/seed43/unified_val/ultralytics/hard_treatment30/confusion_matrix_normalized.png,True,208813,True
/root/autodl-tmp/borescope-new-seg-repro/results/final_verify/exp10_controlled_restart/seed43/unified_val/ultralytics/hard_treatment30/BoxF1_curve.png,True,304335,True
/root/autodl-tmp/borescope-new-seg-repro/results/final_verify/exp10_controlled_restart/seed43/unified_val/ultralytics/hard_treatment30/BoxPR_curve.png,True,186250,True
/root/autodl-tmp/borescope-new-seg-repro/results/final_verify/exp10_controlled_restart/seed43/unified_val/ultralytics/hard_treatment30/BoxP_curve.png,True,265135,True
/root/autodl-tmp/borescope-new-seg-repro/results/final_verify/exp10_controlled_restart/seed43/unified_val/ultralytics/hard_treatment30/BoxR_curve.png,True,239499,True
/root/autodl-tmp/borescope-new-seg-repro/results/final_verify/exp10_controlled_restart/seed43/unified_val/ultralytics/hard_treatment30/MaskF1_curve.png,True,305759,True
/root/autodl-tmp/borescope-new-seg-repro/results/final_verify/exp10_controlled_restart/seed43/unified_val/ultralytics/hard_treatment30/MaskPR_curve.png,True,184771,True
/root/autodl-tmp/borescope-new-seg-repro/results/final_verify/exp10_controlled_restart/seed43/unified_val/ultralytics/hard_treatment30/MaskP_curve.png,True,268823,True
/root/autodl-tmp/borescope-new-seg-repro/results/final_verify/exp10_controlled_restart/seed43/unified_val/ultralytics/hard_treatment30/MaskR_curve.png,True,235285,True
/root/autodl-tmp/borescope-new-seg-repro/results/final_verify/exp10_controlled_restart/seed43/unified_val/ultralytics/hard_treatment30/val_batch0_labels.jpg,True,268852,True
/root/autodl-tmp/borescope-new-seg-repro/results/final_verify/exp10_controlled_restart/seed43/unified_val/ultralytics/hard_treatment30/val_batch0_pred.jpg,True,267752,True
/root/autodl-tmp/borescope-new-seg-repro/results/final_verify/exp10_controlled_restart/seed44/unified_val/ultralytics/baseline100/confusion_matrix.png,True,163380,True
/root/autodl-tmp/borescope-new-seg-repro/results/final_verify/exp10_controlled_restart/seed44/unified_val/ultralytics/baseline100/confusion_matrix_normalized.png,True,203653,True
/root/autodl-tmp/borescope-new-seg-repro/results/final_verify/exp10_controlled_restart/seed44/unified_val/ultralytics/baseline100/BoxF1_curve.png,True,313451,True
/root/autodl-tmp/borescope-new-seg-repro/results/final_verify/exp10_controlled_restart/seed44/unified_val/ultralytics/baseline100/BoxPR_curve.png,True,180846,True
/root/autodl-tmp/borescope-new-seg-repro/results/final_verify/exp10_controlled_restart/seed44/unified_val/ultralytics/baseline100/BoxP_curve.png,True,265013,True
/root/autodl-tmp/borescope-new-seg-repro/results/final_verify/exp10_controlled_restart/seed44/unified_val/ultralytics/baseline100/BoxR_curve.png,True,253700,True
/root/autodl-tmp/borescope-new-seg-repro/results/final_verify/exp10_controlled_restart/seed44/unified_val/ultralytics/baseline100/MaskF1_curve.png,True,312441,True
/root/autodl-tmp/borescope-new-seg-repro/results/final_verify/exp10_controlled_restart/seed44/unified_val/ultralytics/baseline100/MaskPR_curve.png,True,180404,True
/root/autodl-tmp/borescope-new-seg-repro/results/final_verify/exp10_controlled_restart/seed44/unified_val/ultralytics/baseline100/MaskP_curve.png,True,274851,True
/root/autodl-tmp/borescope-new-seg-repro/results/final_verify/exp10_controlled_restart/seed44/unified_val/ultralytics/baseline100/MaskR_curve.png,True,246883,True
/root/autodl-tmp/borescope-new-seg-repro/results/final_verify/exp10_controlled_restart/seed44/unified_val/ultralytics/baseline100/val_batch0_labels.jpg,True,268852,True
/root/autodl-tmp/borescope-new-seg-repro/results/final_verify/exp10_controlled_restart/seed44/unified_val/ultralytics/baseline100/val_batch0_pred.jpg,True,275093,True
/root/autodl-tmp/borescope-new-seg-repro/results/final_verify/exp10_controlled_restart/seed44/unified_val/ultralytics/uniform_control30/confusion_matrix.png,True,163241,True
/root/autodl-tmp/borescope-new-seg-repro/results/final_verify/exp10_controlled_restart/seed44/unified_val/ultralytics/uniform_control30/confusion_matrix_normalized.png,True,197989,True
/root/autodl-tmp/borescope-new-seg-repro/results/final_verify/exp10_controlled_restart/seed44/unified_val/ultralytics/uniform_control30/BoxF1_curve.png,True,320862,True
/root/autodl-tmp/borescope-new-seg-repro/results/final_verify/exp10_controlled_restart/seed44/unified_val/ultralytics/uniform_control30/BoxPR_curve.png,True,185393,True
/root/autodl-tmp/borescope-new-seg-repro/results/final_verify/exp10_controlled_restart/seed44/unified_val/ultralytics/uniform_control30/BoxP_curve.png,True,284108,True
/root/autodl-tmp/borescope-new-seg-repro/results/final_verify/exp10_controlled_restart/seed44/unified_val/ultralytics/uniform_control30/BoxR_curve.png,True,260059,True
/root/autodl-tmp/borescope-new-seg-repro/results/final_verify/exp10_controlled_restart/seed44/unified_val/ultralytics/uniform_control30/MaskF1_curve.png,True,318448,True
/root/autodl-tmp/borescope-new-seg-repro/results/final_verify/exp10_controlled_restart/seed44/unified_val/ultralytics/uniform_control30/MaskPR_curve.png,True,181737,True
/root/autodl-tmp/borescope-new-seg-repro/results/final_verify/exp10_controlled_restart/seed44/unified_val/ultralytics/uniform_control30/MaskP_curve.png,True,288221,True
/root/autodl-tmp/borescope-new-seg-repro/results/final_verify/exp10_controlled_restart/seed44/unified_val/ultralytics/uniform_control30/MaskR_curve.png,True,253521,True
/root/autodl-tmp/borescope-new-seg-repro/results/final_verify/exp10_controlled_restart/seed44/unified_val/ultralytics/uniform_control30/val_batch0_labels.jpg,True,268852,True
/root/autodl-tmp/borescope-new-seg-repro/results/final_verify/exp10_controlled_restart/seed44/unified_val/ultralytics/uniform_control30/val_batch0_pred.jpg,True,278394,True
/root/autodl-tmp/borescope-new-seg-repro/results/final_verify/exp10_controlled_restart/seed44/unified_val/ultralytics/hard_treatment30/confusion_matrix.png,True,163684,True
/root/autodl-tmp/borescope-new-seg-repro/results/final_verify/exp10_controlled_restart/seed44/unified_val/ultralytics/hard_treatment30/confusion_matrix_normalized.png,True,206435,True
/root/autodl-tmp/borescope-new-seg-repro/results/final_verify/exp10_controlled_restart/seed44/unified_val/ultralytics/hard_treatment30/BoxF1_curve.png,True,306250,True
/root/autodl-tmp/borescope-new-seg-repro/results/final_verify/exp10_controlled_restart/seed44/unified_val/ultralytics/hard_treatment30/BoxPR_curve.png,True,185007,True
/root/autodl-tmp/borescope-new-seg-repro/results/final_verify/exp10_controlled_restart/seed44/unified_val/ultralytics/hard_treatment30/BoxP_curve.png,True,273783,True
/root/autodl-tmp/borescope-new-seg-repro/results/final_verify/exp10_controlled_restart/seed44/unified_val/ultralytics/hard_treatment30/BoxR_curve.png,True,248809,True
/root/autodl-tmp/borescope-new-seg-repro/results/final_verify/exp10_controlled_restart/seed44/unified_val/ultralytics/hard_treatment30/MaskF1_curve.png,True,300524,True
/root/autodl-tmp/borescope-new-seg-repro/results/final_verify/exp10_controlled_restart/seed44/unified_val/ultralytics/hard_treatment30/MaskPR_curve.png,True,182251,True
/root/autodl-tmp/borescope-new-seg-repro/results/final_verify/exp10_controlled_restart/seed44/unified_val/ultralytics/hard_treatment30/MaskP_curve.png,True,275987,True
/root/autodl-tmp/borescope-new-seg-repro/results/final_verify/exp10_controlled_restart/seed44/unified_val/ultralytics/hard_treatment30/MaskR_curve.png,True,240023,True
/root/autodl-tmp/borescope-new-seg-repro/results/final_verify/exp10_controlled_restart/seed44/unified_val/ultralytics/hard_treatment30/val_batch0_labels.jpg,True,268852,True
/root/autodl-tmp/borescope-new-seg-repro/results/final_verify/exp10_controlled_restart/seed44/unified_val/ultralytics/hard_treatment30/val_batch0_pred.jpg,True,269009,True
/root/autodl-tmp/borescope-new-seg-repro/results/final_verify/figures/exp10/exp10_mask_map_three_seeds.png,True,52465,True
/root/autodl-tmp/borescope-new-seg-repro/results/final_verify/figures/exp10/exp10_paired_hard_mining_delta.png,True,46600,True
/root/autodl-tmp/borescope-new-seg-repro/results/final_verify/figures/exp10/exp10_mean_std_main_metrics.png,True,46068,True
/root/autodl-tmp/borescope-new-seg-repro/results/final_verify/figures/exp10/exp10_fp_fn_three_seeds.png,True,55347,True
/root/autodl-tmp/borescope-new-seg-repro/results/final_verify/figures/exp10/exp10_difficult_classes.png,True,46135,True
